,VRSN,CMI,WDC,CSX,KMB,BMY,REGN,VFC,VMC,MNST,HES,NEM,MAA,FDX,FAST,BSX,PAYX,SPG,MCHP,XRAY,ARE,NDSN,POOL,ALB,TJX,QCOM,CDW,OMC,MGM,GLW,WELL,FMC,ADBE,TRMB,MSFT,MDLZ,SWKS,HOLX,ORLY,AVY,MMM,CLX,FFIV,ADSK,PPG,HUBB,SJM,ROST,TMUS,DLR,BR,LUV,FTNT,ULTA,CRM,URI,F,ZBH,LDOS,EL,CPB,UNP,LOW,ADP,PODD,CL,CTRA,NFLX,DOV,TGT,WST,MO,CCI,ZBRA,RHI,GOOG,TXN,INCY,KIM,CVS,KMX,IBM,PH,CMG,AKAM,ABBV,LHX,BKR,NKE,HSY,BBWI,IRM,PKG,EMR,GD,OXY,LKQ,FSLR,LRCX,HAS,INTU,PEP,EXPD,AOS,RCL,TECH,BWA,AMT,VLO,CHD,SYK,TFX,DVN,SNPS,MSI,TER,ALLE,CCL,CPT,ODFL,UPS,FLT,MHK,EMN,MCD,SHW,DGX,MPC,DPZ,EA,ROP,DXCM,MAR,RTX,WHR,VRSK,FI,SWK,J,IP,MU,WBA,MLM,NOW,TSLA,PFE,CVX,BG,TSN,ELV,CHRW,CAT,MA,SEE,NUE,XOM,COP,RVTY,HD,EOG,COST,WYNN,AVGO,CHTR,TMO,BIIB,IPG,HAL,WMT,KO,LIN,PARA,PG,UAL,LH,GOOGL,INTC,HRL,DRI,BDX,IT,AMGN,BA,GPN,AMZN,LVS,TDG,EQR,EBAY,NOC,FRT,GEN,GIS,CPRT,EXR,GILD,DIS,DG,LLY,ABT,WAT,V,PANW,HON,BBY,GM,DLTR,AZO,FANG,ZTS,HSIC,AAPL,UDR,BALL,SNA,FICO,EW,PTC,KDP,FIS,O,CTAS,HST,VTRS,ILMN,IFF,EQT,ON,ALK,PWR,APA,META,HLT,AMD,PCAR,EXPE,TTWO,STLD,STE,GPC,REG,TYL,UHS,NVDA,MAS,BAX,EQIX,CTSH,CRL,TDY,ALGN,CSCO,JKHY,CAH,PSX,TSCO,PEAK,TPR,RMD,JNJ,AAL,FCX,LEN,T,DHI,ITW,PM,MOH,CI,UNH,PSA,AVB,YUM,MRK,AXON,ORCL,IEX,ADI,WAB,IDXX,APD,HPQ,SBUX,PLD,MTCH,CNC,MCK,EPAM,PHM,MPWR,DHR,MOS,HCA,BXP,IQV,ENPH,CMCSA,NSC,TXT,NCLH,CDNS,RL,DE,A,AMAT,SYY,ADM,LYV,MRO,COO,ESS,LMT,ISRG,CF,XYL,DVA,GNRC,NWSA,MSCI,NTAP,APH,CE,JBHT,WY,DD,GWW,HII,NVR,WBD,COR,MDT,NWS,K,JNPR,DAL,BIO,KLAC,ECL,PXD,VRTX,SBAC,GE,CAG,KR,HUM,ROK,AME,VTR,MKC,STZ,BKNG
2014,1901149952,15763999744,15498999808,33052999680,15525999616,33749000192,3837671936,9845300224,8041097216,1938875008,38407000064,24916000768,6821777920,33070000128,2359101952,17024000000,6370100224,29532329984,4067630080,4646499840,8136035840,2280130048,892937024,5223102976,10201022464,48574001152,6099899904,21428400128,26702510080,30062999552,24962922496,5326000128,10785828864,3855899904,172383993856,66771001344,2973799936,8414700032,6532083200,4356899840,31209000960,4257999872,2184950016,4594999808,17535000576,3320100096,9060200448,3896796928,56653000704,9526784000,2192100096,20199999488,1424774016,1602727040,9152929792,12129000448,210530992128,9658000384,4161999872,7868800000,8112999936,52715999232,32732000256,32059799552,297182016,13459000320,5437715968,7042500096,9030291456,44552998912,1669699968,34474999808,21143275520,5538999808,1647266944,129186996224,17372000256,796476992,10261399552,74186997760,11707157504,117271003136,13274361856,2527316992,4001545984,27512999936,4919000064,--,18594000896,5622870016,7198000128,6523265024,5348499968,24177000448,35336998912,56258998272,5475739136,6720991232,7993306112,4532142080,5200999936,70509002752,2890905088,2515300096,20713189376,862491008,7228000256,21263564800,45549998080,4359199744,17279000576,3922787072,50637000704,4775498752,10423000064,2538520064,2015900032,39447998464,6043980800,2206865920,35440001024,8524701184,8285543936,16071999488,34227400704,5699333120,9857000448,30424999936,596332992,5715999744,8400184832,184600000,6864999936,91206000640,20002000896,2345329920,9308000256,15849100288,8453659136,28683999232,22415998976,37249998848,7219753984,1424752000,5830666752,167566000128,266025992192,21432000512,23956000768,61676298240,3214338048,84680998912,15329000448,7953200128,15615927296,349493002240,116538998784,4127576064,40518000640,34762686464,33024000000,9062860800,10490999808,24387999744,42852098048,14314699776,12747200512,32240001024,204750995456,92022996992,--,23935000576,144266002432,36594999296,7301799936,129186996224,91900002304,5455619072,7082699776,12446999552,1904350976,69008998400,92921004032,4018650112,54505000960,22354046976,6756848128,22950612992,45132001280,26571999232,4546869760,13539000320,23145699328,1506803968,4381986816,34664001536,84140998656,10867523584,36307599360,41207001088,3874690048,38569000960,1478466048,45451001856,14012999680,177500995584,2771899904,7497162752,3095481088,6588000256,6138806784,231839006720,6828727808,7570999808,4310099968,1192297984,3523000064,2199953920,8272999936,14520500224,11012622336,4462452224,12206999552,15820499968,3339640064,3494620928,12035352576,3822099968,6064000000,6253582848,55951998976,40184000512,26125000704,3767000064,20618799104,9020537856,1799629952,7311027200,1887161984,8246238208,4197169920,569811968,8974442496,7250893824,7208000000,25916999680,7781978112,11479000064,1870578048,2862200064,987996992,105070002176,1680702976,26033000448,48691998720,2034571008,21331435520,3663099904,2360962048,130358001664,43225001984,58794999808,12923151360,296834007040,10185400320,17464999936,35186999296,4434999808,55870001152,86382002176,9818676224,16140577792,8334000128,98166996992,185368000,90266001408,2903462912,6859689984,3303841024,1384210944,17779099648,103206002688,10752900096,25775001600,4274877952,5824000000,51759001600,594025984,8569410048,399366016,36991700992,18282999808,30979999744,19886766080,3305831936,152192000,159339003904,33200001024,14604999680,11468995584,3209555968,6088000000,61336399872,10814999552,13173999616,13141112832,43996999680,5988361216,35982999552,4458339840,11526731776,37046001664,3959399936,11254200320,4832999936,17617432576,1882541952,16488999936,2882533120,9213800448,6985900032,8796000256,3378486016,13265000448,--,5283048960,6239000064,2351334912,15969999872,21532182528,37943001088,16488999936,15153000448,8281399808,54004998144,3341277952,5538663936,19427399680,14908999680,2334679040,7841124864,654954004480,19319500800,29280999424,23527000064,6224300032,6420962816,21165912064,4414300160,14302100480,14770976768
2015,2357736960,15134000128,15169999872,34744999936,14842000384,31747999744,5609132032,9639541760,8301632000,5571276800,34157000704,25130000384,6847780864,36530999296,2532462080,18133000192,6467500032,30565181440,4780712960,4402899968,8881016832,2360443904,934361024,9597954048,10988749824,50795999232,6755299840,22110699520,25215178752,28526999552,29023844352,6325899776,11726472192,3680699904,174472003584,62842998784,3719399936,7642500096,6676683776,4133700096,32882999296,4164000000,2312290048,4909700096,17075999744,3208699904,16806299648,4687370240,62413000704,11451267072,2368100096,21312000000,1790509952,1983170048,10665126912,12083000320,224925007872,27160600576,3369999872,8239200256,8077000192,54599999488,31721000960,33110499328,275126016,11934999552,5253038080,10202870784,8606075904,41172000768,1695100032,31459000320,21936965632,5040000000,1671043968,147460997120,16229999616,1007440000,11344171008,92436996096,13198200832,110494998528,12279281664,2725065984,4181683968,53049999360,13127000064,24079998976,21596999680,5344371200,7475999744,6350586880,5272300032,22087999488,31996999680,43436998656,5647837184,7316331008,9364647936,4720716800,4968000000,69666996224,2565576960,2629199872,20921856000,1063360000,8841499648,26904272896,44226998272,4256900096,16222999552,3871773952,29450999808,5045739008,8345999872,2548674048,2263000064,39237001216,6037612032,2466503936,38310998016,7889805824,9942364160,15580000256,37938700288,5778936832,9962000384,43114999808,799844992,6146999808,10168365056,292000000,6081999872,87483998208,19010000896,5593699840,9340000256,15127799808,7785926144,30531000320,24142999552,68781998080,6957611008,1807052032,8067938816,167380992000,264539996160,17913999360,23004000256,61717798912,3184357888,78341996544,16250000384,7405000192,14326969344,336758013952,97483997184,4166295040,39945998336,26970470400,33016999936,10522259456,10515000320,39316000768,40834301952,19504799744,12585100288,36942000128,203490000896,89996001280,--,23765000192,129494999040,40860999680,14104699904,147460997120,103065001984,6139830784,5994699776,26478000128,2168517120,71449001984,94407999488,5779300864,64746999808,20863000576,8427049984,23110195200,17755000832,24423999488,4911709184,13233000448,21964500992,1798659968,6071407104,51716001792,88181997568,11208641536,35568898048,41246998528,4268677120,40235999232,1965177984,49315999744,15244999680,194337996800,3492699904,8102348800,2750718976,7912999936,6504739840,290344992768,7663843840,9697000448,4331100160,1230162944,4056300032,2209913088,8869000192,26200000512,11845379072,4192460032,11655999488,22267699200,3687747072,3702010112,13976171520,3869600000,6529999872,5213542912,18841999360,49407000576,25621999616,3084000000,21109800960,15503811584,2228072960,6202081792,2097291008,8144771072,4182881024,1356569984,9615443968,7200999936,5664000000,20962000896,10356695040,13061000192,2068497024,2717100032,1158632960,113480998912,1836834944,30141999104,48580001792,2370825984,21449848832,4666899968,2181774080,133410996224,48414998528,46577000448,14419509248,402671992832,11150999552,15729000448,33955999744,6576000000,57088000000,111254003712,9778232320,16931305472,8061000192,101676998656,229880992,110903001088,2805443072,7058777088,3229512960,1474993024,17334499328,106881998848,12416300032,31394766848,5188690944,7338999808,53869998080,778536000,9189405696,431284992,48222199808,17389500416,32743999488,18351486976,3926000128,165528000,166573998080,34139000832,14707999744,12264757248,2345515008,6105999872,57947598848,7479000064,15308000256,17989281792,40156999680,6156240896,32310999040,4459864064,12008384512,49303998464,4907299840,12682999808,4656999936,18514874368,1778635008,15034999808,3146987008,9401199616,7458400256,8585999872,3629543936,12720000000,157634002944,5857755136,6024000000,2515130880,15864000512,27962982400,106684997632,15034999808,15251000320,8607899648,53134000128,3709718016,4826012160,18641700864,15153999872,2498586880,7403214848,493071007744,17437800448,30496999424,24678000640,6404700160,6660449792,22261917696,4472600064,15093000192,17420574720
2016,2334572032,15011000320,32861999104,35413999616,14602000384,33706999808,6973466112,9739286528,8471475200,4153470976,28621000704,21031000064,11604491264,45959000064,2668883968,18096001024,6440800256,31103578112,5537883136,11555800064,10354887680,2422364928,994094976,8161206784,11490430976,52359000064,6948400128,23165399040,28173301760,27899000832,28865183744,6139299840,12697245696,3673799936,202896998400,61538000896,3855399936,7317000192,7204189184,4396400128,32906000384,4510000128,2306322944,5515299840,15770999808,3524999936,15984100352,4869118976,65891000320,12192584704,2872699904,23285999616,2139940992,2230917888,12762919936,11987999744,237950992384,26684399616,9132000256,9223000064,7837000192,55717998592,31266000896,43669999616,456647008,12122999808,5122569216,13586610176,10115990528,40262000640,1716700032,45931999232,22675091456,4632000000,1777970944,167497007104,16430999552,1638596992,11230600192,94462001152,14459911168,117470003200,12034142208,2026103040,4373146112,66098999296,12008999936,21720999936,21379000320,5524333056,8493000192,9486799872,5776999936,21731999744,33172000768,43108999168,8303199232,6824368128,12264314880,5091365888,4249999872,73489997824,2790871040,2891000064,22310324224,1129581056,8834700288,30879199232,46172999680,4354100224,20434999296,3891213056,28675000320,5240365056,8463000064,2762492928,2247399936,38881001472,6028151808,2696247040,40376999936,9626731520,10230595584,15457000448,31023900672,6752521216,10099999744,44413001728,716294976,7049999872,14324927488,402800000,24139999232,89705996288,19153000448,4631199744,9742999552,15634899968,7360022016,33092999168,27540000768,72688001024,7300904960,2033767040,22664075264,171614994432,260077993984,19188000768,22372999168,65083101184,3687758080,74704003072,18674999296,7389100032,15223518208,330313990144,89771999232,4276683008,42548998144,29299200000,33162999808,11953557504,49965998080,149067005952,45908000768,22876798976,12485199872,27000000512,199581007872,87269998592,--,24238000128,127135997952,40140001280,14247000064,167497007104,113326997504,6370066944,4582600192,25585999872,2367334912,77625999360,89997000704,10664349696,83401998336,20469000192,10726277120,20704147456,23847000064,25614000128,5423279104,11767000064,21712300032,1649820032,7091445760,56976998400,92032999424,11257884672,38805901312,52665999360,4662059008,64035000320,2858200064,54145998848,13518999552,221690003456,15901200384,8599786496,5349680128,7648999936,6730396160,321686011904,7679584256,16172999680,4723200000,1220675968,4510000128,2345729024,9790999552,26030999552,13152871424,4098814976,11408000000,34726199296,4280600064,4016984064,15472921600,6924400128,9962000384,5354058752,22518999040,64960999424,26211000320,3320999936,20638900224,15777546240,2590277120,6423732224,5346416128,8859400192,4488906240,1357944960,10317802496,7369999872,5136999936,15546000384,12608370688,14261999616,2711800064,2774400000,1396151040,121652002816,1815512064,34122000384,51653001216,2674941952,15759264768,4892700160,3256705024,141207994368,51273998336,37317001216,15361780736,403821002752,11558899712,15201000448,36850999296,7448999936,59360002048,122809999360,10130337792,17867270144,5478000128,95376998400,278163008,112180002816,3154944000,7970277888,6581018112,1530704000,18028599296,28987000832,14329499648,30249932800,4645873152,20196999168,56523001856,925811008,10178199552,511126016,45295300608,16840699904,33757999104,18851643392,21208000512,163576000,180500004864,34892001280,15358000128,12973911040,2096908032,6213000192,57918500864,7793999872,14570000384,16721804288,39769001984,6764265984,31093999616,4475917824,12217407488,47806001152,6486900224,15130999808,6473999872,18755776512,1861683968,15482999808,3082577920,10037000192,8498699776,8357000192,3950726912,19242999808,79511003136,5694306816,6352000000,2643942912,15672000512,33637500928,99643998208,15482999808,15111000064,9656500224,51261001728,3850503936,4962432000,18330200064,16458999808,2896786944,7360945152,365183008768,13390600192,33897000960,25396000768,7101199872,7100674048,23166599168,4635899904,16965000192,19838973952
2017,2941188096,18075000832,29859999744,35739000832,15150999552,33550999552,8764300288,9958502400,9504890880,4791011840,23111999488,20646000640,11491918848,48552001536,2910500096,19042000896,6833699840,32257638400,7686900224,10374500352,12103953408,3414539008,1101062016,7750772224,12883808256,65486000128,6966700032,24931201024,29160042496,27494000640,27944445952,9206299648,14535556096,4316299776,250311999488,62956998656,4573599744,7979599872,7571885056,5136900096,37987000320,4573000192,2476488960,4798099968,16538000384,3720600064,15639700480,5309350912,70562996224,21404344320,3149799936,25109999616,2257915904,2551877888,17584922624,15029999616,258496004096,26013999104,8990000128,11568000000,7726000128,57806000128,34408001536,37179998208,816744000,12675999744,4727344128,19012741120,10658359296,37431001088,1862800000,43201998848,32229570560,4275000064,1867453952,197294997504,17642000384,2302582016,11763726336,95131000832,16279356416,125355999232,15489903616,2045692032,4648915968,70785998848,10090000384,56499998720,23259000832,5553725952,8169999872,10972401664,6197499904,19588999168,35045998592,42026000384,9366872064,6864501248,12122765312,5289982976,4068000000,79803998208,3117007872,3197400064,22360926208,1558219008,9787599872,33214300160,50157998080,6014799872,22197000192,6181492224,30240999424,5396413952,8208000000,3109544960,2542000128,40777998336,6173748224,3068423936,45574000640,11318359040,12094853120,15998999552,33803700224,19899500544,10503000064,49046999040,836753024,7718000128,14316412928,904099968,23846000640,96920002560,20038000640,6020299776,10289000448,19097700352,7380858880,33902999552,35335999488,66009001984,8992510976,3550245120,28655372288,171797004288,253806002176,18870999040,28066000896,70540001280,4235834112,76961996800,21329000448,5280300032,15841258496,348691005440,73361997824,6091463168,42965999616,29833078784,36346998784,12681739264,54418001920,146623004672,56668999680,23652599808,12704700416,25084999680,198825000960,87895998464,96436002816,20842999808,120405999616,42346000384,16673000448,197294997504,123249000448,6975907840,5292299776,37733998592,7283172864,79954001920,112361996288,12998069248,131310002176,20686999552,9975660544,20570599424,25986000896,35128000512,6275755008,18173999104,21812600832,1982500992,7460953088,70283001856,95788998656,11672298496,44980998144,76249997312,5324354048,67976998912,3438299904,59470000128,13856000000,212481998848,15701600256,9259781120,7770984960,8585999872,7863994880,375319003136,7733273088,17169000448,5249099776,1255619968,5666400256,2360384000,10021999616,24526000128,14058166272,6844057088,11692999680,35806298112,5256999936,4598925824,29522604032,7195100160,10746000384,6480154112,21922000896,84523999232,14227999744,3552000000,23440199680,18516000768,3149154048,6855732224,4924454912,12412381184,11145716736,1611351040,10761828352,9841000448,5488000000,17111000064,18691457024,15221000192,2929922048,3846400000,1784008960,129818001408,1908945024,40112001024,54371000320,2868769024,14088461312,5831600128,3468486912,157302996992,52785000448,37302001664,18745034752,444097003520,12184599552,16780000256,42967998464,8471000064,61759000576,139058003968,10732892160,18414821376,5311000064,87871995904,338112000,134991003648,3399628032,21141293056,6579979776,1713415936,18467201024,32913000448,14365599744,29481074688,5867809792,21855000576,60969000960,1250256000,9686648832,652569024,46648598528,18633400320,36593000448,19372232704,22857000960,169147008,187461992448,35711000576,15340000256,14094869504,2418714112,5651999744,65786298368,8425999872,19419000832,17756655616,39963000832,7504263168,22012000256,4858699776,12495706112,46620000256,5776799744,13463000064,6860000256,18974535680,2025965056,14552000512,3275667968,9493000192,10003900416,9537999872,4465349120,18058999808,192164003840,5804000256,6374000128,2989278976,22555000832,35316469760,99856998400,14552000512,16350999552,9833799680,53670998016,4273011968,5532172800,19963500544,17002999808,3546013952,7320204800,369244995584,10096300032,36505001984,27178000384,7161699840,7796064256,23954540544,10385800192,18602399744,25450999808
2018,1914503936,19061999616,29234999296,36728999936,14517999616,34986000384,11734500352,10311310336,9832129536,4526891008,21432999936,20714999808,11323781120,52330000384,3321499904,20999000064,7915400192,30686222336,8257200128,8686999552,14464956416,3421011968,1240871040,7581673984,14058014720,32686000128,7167699968,24617000960,30210705408,27505000448,30342072320,9974299648,18768683008,5776399872,258847997952,62728998912,4828899840,7230900224,7980789248,5177500160,36500000768,5059999744,2605476096,4113600000,16014999552,4872099840,15301199872,5722051072,72467996672,23766695936,3304699904,26243000320,3078000128,2908687104,21984000000,18133000192,256540000256,24126799872,8769999872,12567000064,14529000448,59147001856,35291000832,38849101824,928744000,12161000448,4198829056,25974398976,8365770752,40303001600,1978899968,55459000320,32761999360,4338999808,1903096960,232791998464,17137000448,2645762048,10999100416,196456005632,17486272512,123381997568,15320086528,2265518080,5461770240,59351998464,9838999552,52438999040,22535999488,7703020032,8149000192,11857217536,6569699840,20390000640,45408002048,43854000128,11393401856,7121361920,12479477760,5262987776,5134000128,77648003072,3314558976,3071500032,27698270208,1593202048,10094999552,33010399232,50154999808,6069199872,27228999680,6277990912,19566000128,6145973760,9409000448,2706606080,2810200064,42401001472,6219586048,3545283072,50016002048,11202477056,13099122688,15994999808,32811200512,19134300160,11002999808,92940001280,907385024,8584000000,15249500160,1916000000,23695998976,134211002368,18346999808,5900299776,11262000128,19407998976,12645794816,33575999488,43376001024,68124000256,9551419392,3879140096,29739614208,159422005248,253863002112,19424999424,29109000192,71570997248,4427411968,78508998656,24860000256,5050200064,17920587776,346195984384,69979996160,5975521792,44529000448,33934473216,40830001152,13216269312,50124001280,146129993728,56232001536,25288900608,15620299776,25981999104,204521996288,83215998976,93385998336,44496998400,118310002688,49024000000,16185299968,232791998464,127962996736,8142291968,5469599744,53903998976,6201474048,66416001024,117359001600,13230774272,162647998464,22546999296,12197467136,20394209280,22819000320,37653000192,6289644032,15758999552,30624000000,2307697920,7847977984,63674998784,98598002688,12516911104,43908399104,67172999168,3727426048,69224996864,5948899840,57772998656,13048999936,227338993664,16332800000,9346979840,21595686912,10776999936,8500527104,365724991488,7711728128,16554000384,5373100032,1330466944,5323700224,2329021952,48917999616,23769999360,15260482560,6958214144,12090000384,32734900224,6959000064,12889395200,20721344512,7587599872,10912000000,7075786752,21582000128,97334001664,13994999808,4556000256,25482399744,18033000448,3737840896,7703562752,5200333824,12683039744,10944662528,1790962944,11265479680,11240999936,5392999936,15719999488,20244637696,15845999616,3855878912,3809299968,2052457984,108784001024,2033058048,39950999552,54301999104,3085262080,12718553088,6678300160,3063922944,152953995264,60579999744,42216001536,28566181888,531863994368,14114599936,14869999616,39800999936,7153999872,153226002432,152221007872,10928270336,18380199936,4129999872,82636996608,719539968,137850994688,3473857024,20438366208,8649234432,1537348992,19178299392,34622001152,24156399616,38417661952,6874585088,30901000192,60380999680,1611801984,10172976128,793432000,47832498176,20119199744,39206998016,20256477184,22549000192,339936992,251683995648,36238999552,14264000512,15205969920,2468654080,6143300096,70107996160,8541000192,17632999424,18070403072,40832999424,8496885760,21321000960,6112799744,12383595520,44876001280,7846700032,12661000192,7222000128,19110252544,2426313984,16346000384,3387952128,9991000064,10044900352,9313000448,5091646976,17248999424,187854995456,5872999936,6383000064,3165933056,32550000640,37669838848,91392999424,16346000384,17780000768,9363300352,60266000384,5611067904,5638619136,20074500096,17902999552,6245898240,7213706752,311071997952,10389499904,37197000704,25412999168,6262000128,8662288384,22584555520,10256400384,20538699776,22687000576
2019,1854008960,19736999936,26370000896,38257000448,15283000320,129944002560,14805199872,10356785152,10648793088,5150351872,21781999616,39973998592,11230449664,54402998272,3799899904,30564999168,8675999744,31231629312,18350000128,8602999808,18390503424,3516446976,1483266048,9860862976,14326029312,32956999680,7999399936,26783399936,33876355072,28898000896,33380751360,9872700416,20761999360,6640699904,286555996160,64514998272,4839600128,6442100224,10717160448,5488799744,44658999296,5116000256,3390275072,4729200128,17707999232,4903000064,16711300096,6073691136,86921003008,23068131328,3880699904,25895000064,3879200000,3191172096,30737000448,18969999360,258536996864,24638699520,9367000064,13155999744,13148000256,61673000960,34508001280,41887698944,1142899968,15034000384,4487244800,33975711744,8669476864,41289998336,2341400064,49271001088,38456999936,4711000064,2311408128,275908984832,18018000896,3426749952,10997866496,222448992256,18717865984,152185995264,17576689664,5104604160,7006885888,89115000832,38336000000,53368999936,23716999168,8140395008,8089999872,13816815616,7235800064,20497000448,49349001216,107190001664,12779956224,7515688960,12001333248,8855627776,6282999808,78547001344,3691884032,3057999872,30320283648,1884409984,9701999616,42801598464,53864001536,6657399808,30166999040,6309819904,13717000192,6405159936,10641999872,2787013888,2967200000,45057998848,6748504064,3995568128,57856999424,12248541184,13386680320,16007999488,47510798336,20496199680,12842999808,98556002304,1382092032,8956999680,18108899328,2395000064,25051000832,139614994432,18880999424,7055200256,77539000320,20596600832,11462711296,33471000576,48887001088,67598000128,10131600384,6022430208,34308999168,167594000384,237427998720,18317000704,33097000960,77453000704,4641059840,78452998144,29236000768,5765199872,18344665088,362596990976,70513999872,6538564096,44003000320,37124608000,45399998464,13871281152,67492999168,148188004352,58381000704,27234299904,17751900160,25376999424,219295006720,86381002752,86612000768,49585000448,115095003136,52610998272,18046400512,275908984832,136523997184,8109003776,5892800000,51764998144,7151293952,59706998784,133625004032,44480163840,225248002048,23199000576,16254999552,21172768768,18173999104,41088999424,6794992128,15937999872,30111199232,2547617024,8532377088,61626998784,193984004096,13204037632,39286099968,67887001600,2557054976,72574001152,6592200192,58679001088,12901000192,228037001216,13501200384,9895913472,23530999808,11544999936,7151100928,338515984384,9636471808,17359998976,5693499904,1433447936,6488099840,2664588032,49517998080,83806003200,18554796032,7436661760,12305000448,31255500800,7315999744,13287410688,18809227264,8425500160,12993000448,8331681792,18107000832,133376000000,14956999680,6028000256,28361099264,21415999488,4243065088,8275765248,5073071104,14645628928,11132253184,2191613952,11668249600,13292000256,5026999808,18193000448,23965614080,16204000256,4692789760,4579800064,2500701952,97792999424,2184828928,40962998272,58720002048,5289268224,14032890880,6877300224,4107682048,157727997952,59995000832,40809000960,29359511552,551669006336,15606599680,15068000256,42874998784,6786999808,155773992960,173888995328,11365443584,19121051648,5231000064,84396998656,845638976,108709003264,3813912064,21392640000,18944200704,1832475008,18942799872,33467000832,19219599360,40031850496,8364803072,40994000896,59671998464,2244208128,10715596800,956374976,62081998848,19298500608,45057998848,21284904960,23250999296,713222976,263414005760,37923000320,15018000384,16684599296,3357224960,5942799872,73011003392,9452000256,19023998976,17966522368,43996999680,10975614976,20245000192,6274500096,12705404928,47528001536,9733199872,12172000256,7710000128,17311393792,2665669120,15710999552,4204439040,8741000192,10815500288,9475999744,5470854144,16405999616,69395996672,6005000192,7031000064,3809815040,33735000064,39171981312,89694003200,15710999552,17564000256,8837699584,64532000768,8008859136,9008516096,20869099520,19087998976,8318465024,9759940608,265177006080,22213799936,38117998592,29073999872,6112999936,9844558848,24692207616,10362099712,29231499264,21401999360
2020,1766909952,22624000000,25661999104,39793000448,17522999296,118481002496,17163299840,11133250560,11686899712,6202716160,18820999168,41369001984,11194790912,73537003520,3964699904,30776999936,8550700032,34786844672,17426100224,9342000128,22827878400,3674656000,1739670016,10450946048,24145002496,35593998336,9344700416,27647199232,36494934016,30774999040,32483641344,10186399744,24284000256,6876899840,301311000576,67810000896,5106699776,7195800064,11596642304,6083899904,47344001024,6213000192,4677919744,6179299840,19555999744,5085100032,16970399744,9348367360,200162000896,36076290048,4889800192,34588000256,4044499968,4863872000,55125999616,17867999232,267261001728,24417699840,12510999552,17781000192,12371999744,62398001152,39471001600,39165501440,1872899968,15920000000,4524000256,39280357376,9152073728,42779000832,2793799936,47414001664,38768001024,5375000064,2557424128,319615991808,19350999040,3560918016,11614497792,230714998784,21082181632,155970994176,19887753216,5982896128,7764129792,150564995072,36960002048,38007001088,31342000128,9131844608,10124999680,14149267456,7433200128,22882000896,51307999232,80064004096,12360532992,7108931072,14559046656,10818400256,10931000320,92917997568,4927502848,3160699904,32465186816,2027588992,16028999680,47233499136,51774001152,7414499840,34329999360,7152559104,9912000512,8030062080,10876000256,3652346112,3069400064,53593001984,7198951936,4369410048,62407999488,11194578944,14327750656,16083000320,52626800640,20401600512,14026000384,85158002688,1567168000,11111999488,24024799232,4290500096,24700999680,162153005056,20436000768,7561800192,74619002880,23566299136,12354353152,31718000640,53677998080,87173996544,10580799488,8715057152,52147998720,154228998144,239789998080,23655000064,34455998464,86614999040,5144258048,78323998720,33584001024,6083800064,20125394944,332749996032,62618001408,7960314880,51235999744,35804999680,55556001792,13869546496,75932999680,144206004224,69051998208,24618899456,18042699776,20679999488,236494995456,87296000000,88229003264,52663001088,120700002304,59548000256,20071700480,319615991808,153090998272,9908282368,9946099712,54011998208,7315966976,62947999744,152136007680,44201545728,321195016192,20807000064,18395000832,20286889984,19310000128,44468998144,7607624192,7735000064,30806700032,3455260928,9395848192,68407001088,201549004800,22825084928,46633099264,72547999744,2839920128,80919003136,9065400320,64585998336,15591000064,235194007552,19574599680,14423871488,17618999296,13608999936,7772532224,323887988736,9637532672,18251999232,6557300224,1606240000,7237100032,3382737920,49778999296,83841998848,20740284416,7669884928,12890000384,61553000448,7584999936,13555671040,18113468416,8668000256,14046000128,8398272000,13303000064,159316000768,16755000320,8961999872,28259999744,18690000896,4948832256,9265561600,5440866816,13440215040,10936903680,2607273984,13476879360,17315000320,5776999936,20018999296,27006840832,16922999808,5490830848,5084800000,4829683200,94852997120,2428474112,40766001152,54720999424,7049116160,15920089088,7924199936,4587376128,174894006272,62008000512,42143997952,29935177728,525760987136,18912299008,15612000256,44814999552,9532000256,155450998784,197289000960,11816546304,19199143936,5852000256,91588001792,1381022976,115438002176,4414397952,21468602368,18454499328,2294561024,25168500736,34680999936,29374500864,56065003520,3046454016,68719001600,61247000576,2721331968,12205498368,1208491008,76160999424,19789799424,47489998848,22858190848,24564000768,1200102016,273868996608,37961998336,15443000320,18399318016,3950785024,7279900160,75091001344,9626999808,22353000448,22628265984,49719001088,10589302784,17955999744,6737500160,12936176640,50709999616,11168900096,12023000064,8750000128,16988516352,3235422976,14261000192,4198647040,7521999872,12327300096,10908999680,5928348160,16311000064,70903996416,6295000064,8157000192,5777141248,34087000064,44274831360,90689003520,14261000192,17995999232,9378299904,71995998208,12972617728,9279960064,18126000128,19228999680,11751799808,9158018048,256210993152,22304000000,45255999488,34969001984,7264699904,10357482496,23929403392,12089700352,27323199488,21873999872
2021,1983800064,23709999104,26132000768,40531001344,17837000704,109313998848,25434800128,13754029056,13682599936,7804784128,20515000320,40563998720,11285182464,82776997888,4298999808,32228999168,9227200512,33777379328,16478799872,9239000064,30219372544,3790960896,3230130944,10974117888,30813554688,41239998464,13199399936,28421799936,40899117056,30154000384,34910326784,10673099776,27241000960,7099599872,333779009536,67092000768,8590699520,8919900160,11718707200,7971599872,47072002048,6334000128,4997279744,7279799808,21351000064,5281500160,16284199936,12717867008,206563000320,36369559552,8119799808,36320002048,5919099904,5089969152,66301001728,20291999744,257034993664,23456399360,13260999680,21970999296,11733999616,63524999168,46734999552,48772501504,2048800000,15040000000,19900000256,44584660992,10403627008,51248001024,3313799936,39523000320,39040000000,6215000064,2952358912,359267991552,24675999744,4933351936,18459199488,232998993920,21541541888,132000997376,20341200896,6652958208,8138673152,146528993280,34709000192,35307999232,37739999232,10412230656,11571000320,14450030592,7836800000,24714999808,50073001984,75036000256,12606000128,7413746176,15892152320,10037799936,15516000256,92376997888,7609929216,3474400000,32258355200,2262957056,16574999552,69887901696,57887997952,7996499968,34631000064,6871721984,21024999424,8752260096,12188999680,3809424896,3051000064,53344002048,7976783872,4821543936,69404999680,13404652544,14224517120,15518999552,53854298112,20666699776,13610999808,85373001728,1671815936,13287999488,23713900544,4933300224,25553000448,161403994112,20284999680,7808099840,76248997888,28180000768,14632608768,25243000832,58849001472,81284997120,14392999936,10798000128,62130999296,181475999744,239534997504,23818999808,36309000192,97460002816,7028111872,82792996864,37668999168,6229300224,25823072256,338922995712,90661003264,15000554496,70581002240,38236000256,59268001792,12530826240,75570003968,142490992640,95122997248,23877300224,19909199872,22321000448,252496003072,94353997824,81605001216,58619998208,119307001856,68174999552,20385400832,359267991552,168406007808,12696329216,10656100352,53866000384,7416324096,61164998656,138552000512,45279711232,420549001216,20059000832,19314999296,21169240064,26626000896,42579001344,7622320128,6360999936,31841900544,4562143232,10474476544,67952001024,203608997888,25862623232,48805998592,75195998208,3094931968,82896003072,10241599488,64469999616,19067000832,244717993984,20696000512,14516199424,22897999872,13900000256,8480999936,351002001408,10775220224,19714000896,6759699968,1567776000,8502600192,4507559936,50597998592,82930999296,43137503232,8236823040,12352000000,54842798080,15217000448,39658000384,21607387136,9626000384,13950999552,12855189504,13303000064,165986992128,15441000448,12419000320,29509400576,21547999232,6028217856,12531233792,6574471168,14352102400,10792562688,4732161024,13093542912,28790999040,5575000064,33521000448,27918698496,17852000256,7024291840,14430300160,5942110208,97496997888,2336155904,44452999168,55594000384,7767467008,15257519104,8382400000,4728124928,182017998848,66467000320,48021999616,33207777280,551622017024,24015900672,16076999680,41289998336,12209000448,154888994816,212205993984,17380907008,19902015488,5966000128,105694003200,1688210048,131106996224,4917199872,52322070528,18453999616,2437202944,26859200512,38610001920,31392600064,58486218752,5063287808,78375002112,65015001088,3523226880,13352631296,1585825024,83184001024,22036400128,50742001664,22365257728,24689000448,2079256064,275904987136,38492999680,15827000320,18729836544,4386298880,7887499776,84113997824,10705000448,25824999424,21413539840,56135999488,14402318336,16993999872,9606200320,12997872640,50872999936,13555000320,12375000064,8275999744,17121487872,4877779968,16771000320,5506702848,9360000000,14678400000,11975000064,6794348032,17652000768,45707001856,6592000000,10627000320,5834475008,34426998784,57337806848,93083000832,16771000320,18178000896,8887000064,72459001856,17799393280,10271124480,21206401024,36811001856,13432500224,9801699328,198874005504,22195599360,48661999616,44358000640,10701599744,11898186752,24717785088,12905799680,27104800768,23640999936
2022,1733400064,30299000832,26258999296,41912000512,17969999872,96820002816,29214500864,13342208000,14234600448,8293105152,21695000576,38482001920,11241164800,85993996288,4548599808,32469000192,9635200000,33011273728,16199499776,7642999808,35523399680,3820375040,3565436928,15456522240,28461000704,49014001664,13131499520,27002499072,45692207104,29499000832,37893234688,11171300352,27164999680,7269000192,364839993344,71161004032,8873799680,9071200256,12627979264,7950499840,46455001088,6158000128,5276193792,8606799872,20743999488,5402599936,16055000064,13640255488,211338002432,41484996608,8168800256,35369000960,6227999744,4764379136,95208996864,24182999040,255884001280,21066000384,13070999552,20910000128,11891999744,65449000960,44640002048,63068200960,2251099904,15731000320,20153999360,48594767872,10896519168,53810999296,3616800000,36954001408,38920998912,7528999936,2964487936,365264011264,27207000064,5840984064,17826121728,228274995200,26338263040,127243001856,25943943168,6927503872,8303399936,138805002240,33524000768,34180999168,40320999424,10948819968,6025999872,16140514304,8003800064,35671998464,51584999424,72608997376,12037999616,8251228160,17195632640,9295899648,27733999616,92187000832,5590433792,3332300032,33776361472,2294804992,16993999872,67194499072,60982001664,8345600000,36884000768,6928062976,23721000960,9418087424,12814000128,3501252096,3991200000,51703001088,9327935488,4838609920,71124000768,14089260032,14120431616,14666999808,50435600384,22594000896,12837000192,89903996928,1602221056,13799999488,26980800512,5391699968,24814999552,158863998976,17123999744,6961099776,83868999680,24963299328,14660418560,23939999744,66282999808,90124001280,14993600512,13299000320,82337996800,197205000192,257708998656,24579999744,36821000192,102771998720,5954564096,81943003136,38724001792,6214700032,32479209472,369066999808,93828997120,14129855488,71876001792,41371000832,64165998592,13415100416,73248997376,144523001856,97153998848,24554100736,18844999680,23254999040,244859994112,92762996736,79658000384,58393001984,117207998464,67357999104,20155099136,365264011264,182102999040,13306919936,10135799808,52934000640,7299736064,65121001472,137100001280,44809015296,462674984960,22038999040,18107000832,20218261504,20849999872,43754999808,8233991168,6943000064,31090100224,5308864000,12167457792,63170998272,203631001600,26327371776,49489801216,74438000640,3281453056,85501001728,12253599744,62274998272,17504000000,264037007360,21721800704,15275042816,26208999424,14924999680,8606999552,352754991104,11038470144,19908999168,6972800000,1442034048,8292499968,4687267840,51837001728,63277998080,49673093120,8147255808,12268999680,50022199296,12252000256,35406999552,22669926400,11978500096,14186000384,13464337408,13146999808,185726992384,15512000512,67579998208,33275500544,21560999936,6546219008,14159983616,11423594496,16495379456,10860220416,4687416832,13494188032,44187000832,5186999808,28287000576,30310742016,17852000256,7602769920,14353999872,5947947008,94002003968,2455564032,43877998592,76442001408,8489990144,15771229184,7265299968,5095853056,187378008064,64716001280,51093000192,37984296960,402853003264,30351099904,15422000128,61681000448,12314000384,143931998208,245704998912,17552306176,20457764864,5846000128,109159997440,2851894016,109297000448,5511900160,50302349312,18516000768,2746765056,27192600576,38586998784,27978399744,87897448448,4182764032,76870000640,63297998848,4009150976,14796515328,2058884992,84350001152,23385999360,52437999616,24207669248,25336999936,3084280064,257275002880,38884999168,16293000192,18557693952,5137071104,7724700160,90029998080,10531999744,26726000640,22085687296,59774001152,16460840960,19939999744,11492299776,12372904960,52879998976,12974000128,13313000448,7952000000,16928251904,5169461760,17220999168,4997535232,10026000384,15326199808,26272000000,7786582016,17340000256,41355001856,7587999744,10856999936,5660973056,134001000448,56560615424,90980999168,17220999168,18496000000,9326699520,72288002048,13501666304,12597088256,21464299520,35740000256,18150899712,10585040896,187788001280,22435100672,49086001152,43055001600,10758700032,12431120384,24157839360,13124899840,25855799296,25361000448
